{
  "spot_stoxx": 6064.85986328125,
  "spot_spx": 6843.22021484375,
  "spot_spy": 682.8499755859375,
  "risk_free_rate": 0.035929999351501464,
  "realized_vol": 0.16332056955910085,
  "timestamp": 1771408178.690748
}